User_Id,Nombre,Apellido,Edad,Sexo
1,Milzie,Pellatt,28,Female
2,Karlik,Curmi,62,Male
3,Selestina,Cregg,57,Female
4,Raychel,Perree,60,Female
5,Jedd,Mozzini,44,Male
6,Phillipp,Brierton,63,Male
7,Desmond,Gorger,26,Male
8,Allissa,Mahaddy,40,Female
9,Hersh,Seagood,62,Male
10,Cassaundra,Gillbard,43,Female
11,Conroy,Birkmyr,53,Male
12,Colby,De Maine,52,Male
13,Sibylle,McLorinan,24,Female
14,Laurent,Bosher,56,Male
15,Zondra,Videan,35,Female
16,Jacinda,Macconachy,66,Female
17,Gal,Cannaway,45,Male
18,Leonanie,Brice,64,Female
19,Nita,Brozek,41,Female
20,Letta,Cluet,38,Female
21,Karyl,Espley,21,Female
22,Gasper,Jakubovicz,65,Male
23,Derwin,Wildsmith,25,Male
24,Orson,Dumberell,31,Male
25,Letta,Duncklee,35,Female
26,Fleming,Rosevear,40,Male
27,Jeremy,McGilvray,26,Male
28,Anette,Fontin,38,Female
29,Freddy,Saice,25,Female
30,Korney,Phillott,37,Female
31,Alasteir,Allett,65,Male
32,Barnabas,Loxly,34,Male
33,Mozes,Fragino,53,Male
34,Tibold,Grishaev,59,Male
35,Louella,Wynrehame,35,Female
36,Tobin,Chippendale,65,Male
37,Miof mela,Emps,62,Female
38,Coleman,Mogridge,70,Male
39,Tymothy,Linnard,62,Male
40,Bili,Gaytor,63,Female
41,Cedric,Matzen,38,Male
42,Way,Sauven,69,Male
43,Rabbi,Ahlf,36,Male
44,Hazel,Maccree,39,Male
45,Alfy,Parades,68,Male
46,Byrom,Margetson,28,Male
47,Estella,Foltin,18,Female
48,Thacher,Crix,47,Male
49,Steward,Snelman,48,Male
50,Gisele,Filippello,53,Female
51,Eli,Tregien,33,Male
52,Catha,Rubica,69,Female
53,Sherman,Oldham,42,Male
54,Darcee,Donovin,32,Female
55,Robbie,Swain,33,Male
56,Ab,Moan,18,Male
57,Fredric,Ramsbottom,31,Male
58,Lenora,Pearsall,38,Female
59,Alec,Polotti,64,Male
60,Micheline,Ellcock,43,Female
61,Anatole,Barwis,42,Male
62,Diane-marie,Snalom,39,Female
63,Harry,Cundey,37,Male
64,Kennett,Concannon,58,Male
65,Chase,Steward,32,Male
66,Dimitry,Quarrington,29,Male
67,Kameko,Humerstone,20,Female
68,Lawton,Elstob,57,Male
69,Abby,McVrone,49,Male
70,Binky,Burfield,33,Male
71,Lance,Carbery,43,Male
72,Luke,Corneille,25,Male
73,Lefty,Feveryear,65,Male
74,Abeu,Ackroyd,62,Male
75,Fitz,D'Orsay,62,Male
76,Trina,Hayle,63,Female
77,Morna,Dome,47,Female
78,Alison,Adger,61,Female
79,Colleen,Silverstone,36,Female
80,Royce,Tomas,64,Male
81,Fran,Usherwood,59,Female
82,Chandra,Nicolls,58,Female
83,Earle,Bezzant,24,Male
84,Dorrie,Smallcomb,35,Female
85,Othilie,Ferrarello,31,Female
86,Carissa,Squibe,60,Female
87,Ad,Inkin,45,Male
88,Tina,Melland,39,Female
89,Neville,Canti,50,Male
90,Emiline,Brazur,55,Female
91,Yehudit,Andrag,55,Male
92,Sonnnie,Connichie,66,Female
93,Blaire,Schober,20,Female
94,Vilma,M'Quhan,70,Female
95,Leanor,Claeskens,43,Female
96,Dur,Morican,52,Male
97,Annissa,Placidi,20,Female
98,Alfredo,Emanson,64,Male
99,Bertie,Grimes,19,Male
100,Griselda,Alvy,51,Female
101,Zedekiah,Lambarton,47,Male
102,Josh,Prendeville,34,Male
103,Naomi,Hurlestone,32,Female
104,Petr,Clows,48,Male
105,Trescha,Birkmyre,22,Female
106,Darryl,Feasley,69,Female
107,Cammy,Tremblett,67,Male
108,Mikael,Geroldi,44,Male
109,Lynette,Arnatt,19,Female
110,Ambrosius,Hillaby,27,Male
111,Harley,Meeland,59,Male
112,Belita,Lote,57,Female
113,Emlyn,Polleye,41,Female
114,Kipp,Djorevic,45,Male
115,Dari,Wiper,45,Female
116,Yvon,Lebourn,39,Male
117,Reece,Murthwaite,35,Male
118,Dewie,Fandrich,39,Male
119,Coralyn,Shawe,56,Female
120,Pavla,Pate,59,Female
121,Gay,Huchot,20,Female
122,Goober,Tommaseo,59,Male
123,Kip,Deboick,32,Male
124,Zach,Lofty,48,Male
125,Sibilla,Spanton,44,Female
126,Corena,Genever,33,Female
127,Lorne,Hoyes,59,Male
128,Mohammed,Vlasin,61,Male
129,Rodrick,Hartegan,23,Male
130,Nikkie,McFade,52,Female
131,Del,Chamberlaine,20,Male
132,Petronilla,Spadazzi,56,Female
133,Duky,Corradino,45,Male
134,Mariele,Redolfi,50,Female
135,Clare,Siddall,33,Male
136,Corabella,Izakov,19,Female
137,Dud,Ezzle,27,Male
138,Andre,Skippon,29,Male
139,Ava,Keoghane,39,Female
140,Karita,Tildesley,40,Female
141,Rickie,Skates,54,Male
142,Sybilla,Snyder,43,Female
143,Collen,Maffy,41,Female
144,Elyn,Kensett,45,Female
145,Mella,Beasant,26,Female
146,Annadiana,Mattiacci,51,Female
147,Clark,Brise,68,Male
148,Cathi,Cleland,38,Female
149,Noreen,Kondrat,38,Female
150,Clywd,Faunch,63,Male
151,Rafi,Beavis,23,Male
152,Wynnie,Bertson,40,Female
153,Celinka,Laxen,45,Female
154,Elwood,Ofield,24,Male
155,Genovera,Tansly,60,Female
156,Fabian,Kinsman,44,Male
157,Shurlock,Sitlinton,47,Male
158,Kippar,Geary,36,Male
159,Lorita,Vigus,37,Female
160,Dorelia,Noel,69,Female
161,Patty,Colter,48,Male
162,Jess,Cleaves,37,Male
163,Tonye,Ewing,70,Female
164,Delphine,Durie,68,Female
165,Creight,Mulvenna,22,Male
166,Massimo,Itzkowicz,20,Male
167,Moritz,Culshew,50,Male
168,Annamaria,Dudliston,38,Female
169,Franciska,Kleinbaum,51,Female
170,Erin,Swaysland,33,Female
171,Tierney,Elles,62,Female
172,Iseabal,Cambell,48,Female
173,Blanca,Kyston,60,Female
174,Ahmed,Gaffon,70,Male
175,Dana,Fladgate,46,Male
176,Malanie,Kardos-Stowe,59,Female
177,Rubetta,Magson,55,Female
178,Cirstoforo,Jose,36,Male
179,Tierney,Thornham,22,Female
180,Mortie,Brittian,32,Male
181,Orel,Frenzel;,68,Female
182,Reginauld,Matveiko,60,Male
183,Paton,Robelin,60,Male
184,Matthaeus,Cecere,25,Male
185,Lena,Karppi,42,Female
186,Lorette,Hentze,26,Female
187,Zahara,Jolliff,23,Female
188,Isabeau,Feacham,58,Female
189,Olav,Buxsy,70,Male
190,Mavra,Ferronel,32,Female
191,Ian,Deeman,38,Male
192,Shannan,Bothen,27,Male
193,Valera,Spottswood,59,Female
194,Selia,Fausset,30,Female
195,Cristy,McElane,23,Female
196,Reinwald,Danet,67,Male
197,Frasco,Dax,48,Male
198,Borg,Grunwall,62,Male
199,Booth,Creagh,25,Male
200,Lenna,Medina,64,Female
201,Dreddy,Grundy,49,Female
202,Karin,Corness,66,Female
203,Giacobo,Nanuccioi,33,Male
204,Kiri,Mc Gorley,38,Female
205,Martyn,Ghelerdini,27,Male
206,Slade,Labb,21,Male
207,Darya,Farry,54,Female
208,Theobald,Grigsby,31,Male
209,Claudina,Bente,53,Female
210,Marney,Sacker,29,Female
211,Jillie,Smissen,67,Female
212,Maxwell,Lympany,33,Male
213,Westbrook,Cossem,46,Male
214,Nevin,Cassels,41,Male
215,Marisa,Larraway,41,Female
216,Mattie,Fluck,55,Female
217,Klara,Sidwick,50,Female
218,Raimundo,McCraine,34,Male
219,Kipper,Do,37,Male
220,Mab,Fearey,42,Female
221,Sabina,Loxley,58,Female
222,Anders,Beglin,42,Male
223,Sheppard,Pither,46,Male
224,Decca,Lowings,54,Male
225,Alli,Couve,52,Female
226,Currie,McCourt,52,Male
227,Alfie,Boothby,28,Male
228,Lulu,Mallender,44,Female
229,Margarete,Hefferon,42,Female
230,Bernie,Cometson,41,Female
231,Nikola,Steels,49,Male
232,Corey,Maidlow,44,Male
233,Jodee,Connop,57,Female
234,Terra,Wiggington,49,Female
235,Lexine,Flewan,40,Female
236,Audi,Caudwell,40,Female
237,Weidar,Coventon,22,Male
238,Crichton,Beckerleg,44,Male
239,Delaney,Carmont,63,Male
240,Mac,Gwalter,63,Male
241,Kalil,Whitwam,70,Male
242,Duffie,Teml,42,Male
243,Dionis,Jendrich,45,Female
244,Lianna,Kimmings,60,Female
245,Grady,Champkin,41,Male
246,Nell,Dunsford,60,Female
247,Lavina,Burling,21,Female
248,Gavin,Freeberne,18,Male
249,Uri,Olanda,31,Male
250,Rowland,Twell,41,Male
251,Wait,Antoniou,32,Male
252,Lari,Frary,57,Female
253,Gwenni,McLarens,53,Female
254,Bekki,Wilding,24,Female
255,Bale,Godbolt,48,Male
256,Waverly,Cossey,49,Male
257,Fidel,O'Scully,24,Male
258,Luce,Sowerby,24,Female
259,Dani,Sizey,38,Male
260,Elaine,Maraga,67,Female
261,Brittan,Nestoruk,21,Female
262,Rustie,Heakey,54,Male
263,Matty,Stenson,19,Female
264,Basile,Ormond,31,Male
265,Uriel,Dymocke,33,Male
266,Rubin,Skermer,41,Male
267,Bard,Hambric,18,Male
268,Cecil,Leeb,51,Male
269,Roxana,Durdy,52,Female
270,Michelle,Blesdill,30,Female
271,Saunderson,Delyth,29,Male
272,Genevra,Hembery,51,Female
273,Obadias,Syson,30,Male
274,Bjorn,Castelluzzi,67,Male
275,Em,Tippings,61,Female
276,Lawrence,Belvard,43,Male
277,Norri,Doore,50,Female
278,Mariya,Arkin,29,Female
279,Missie,Harme,70,Female
280,Bryon,Poor,60,Male
281,Gill,Bastard,33,Male
282,Hilary,Pautot,22,Male
283,Sibylle,Staining,27,Female
284,Mignon,Kuzma,26,Female
285,Geraldine,Hordle,27,Female
286,Brenda,Taunton.,35,Female
287,Martina,Stalf,56,Female
288,Riley,Colafate,53,Male
289,Clyve,Sharratt,68,Male
290,Juliane,Woodworth,45,Female
291,Michelina,Prisley,57,Female
292,Mercie,Smeall,20,Female
293,Pamela,Anster,26,Female
294,Fara,Fayerbrother,28,Female
295,Gilberto,Ladd,52,Male
296,Brit,Climance,47,Male
297,Byran,Mallows,46,Male
298,Farrell,Elfleet,49,Male
299,Ingeborg,Neilus,55,Female
300,Jacquenette,Leivers,26,Female
301,Lara,Duprey,63,Female
302,Seumas,Nairne,34,Male
303,Elnore,Roels,33,Female
304,Syd,Kaser,20,Male
305,Freddie,Robe,48,Male
306,Mitzi,Hammarberg,43,Female
307,Prinz,Haig,33,Male
308,Halsy,de Clerc,58,Male
309,Ellsworth,Lorenzetto,70,Male
310,Cassaundra,Farens,63,Female
311,Shepherd,Gulleford,65,Male
312,Gibb,Mushawe,37,Male
313,Laryssa,Dietzler,47,Female
314,Reginald,Paolone,54,Male
315,Robinetta,de Werk,66,Female
316,Jim,Robinette,31,Male
317,Fulton,Mallatratt,57,Male
318,Valentine,Raoult,26,Male
319,Dell,Caunt,47,Female
320,Bette,Minnis,43,Female
321,Debor,Copperwaite,34,Female
322,Zebulon,Ruddle,19,Male
323,Daven,Godly,50,Male
324,Boy,Ransom,51,Male
325,Chad,Songust,66,Male
326,Caesar,Vardy,41,Male
327,Toby,Skews,38,Male
328,Yardley,Lindenfeld,44,Male
329,Avram,Caghy,43,Male
330,Tabb,Draude,33,Male
331,Felike,Luc,32,Male
332,Zachery,Tremeer,41,Male
333,Queenie,Schoular,18,Female
334,Cairistiona,Gentsch,56,Female
335,Theda,Malser,37,Female
336,Gillie,Warry,18,Female
337,Giffie,McNerlin,45,Male
338,Lesly,MacNeilly,56,Female
339,Mick,Kelling,26,Male
340,Ewell,Parkey,58,Male
341,Ernesta,Lardeur,30,Female
342,Anthea,Lowndes,52,Female
343,Faith,Gieraths,26,Female
344,Walt,Yokel,25,Male
345,Fanechka,Penton,35,Female
346,Stanislaus,Sahnow,36,Male
347,Sallyann,Larkin,64,Female
348,Beckie,Strelitz,32,Female
349,Jareb,Raggatt,64,Male
350,Dolph,Shippam,28,Male
351,Tami,Frosdick,30,Female
352,Von,Snook,48,Male
353,Halsey,Michelet,45,Male
354,Ranice,Demead,53,Female
355,Maureen,Schaffel,44,Female
356,Earvin,Kerford,53,Male
357,Pammie,Van Der Weedenburg,31,Female
358,Janel,Sheridan,61,Female
359,Toddy,Antusch,44,Male
360,Tessie,Shortall,40,Female
361,Blanca,Browne,60,Female
362,Westbrooke,Vaszoly,57,Male
363,Isidor,Veryard,44,Male
364,Gavra,Hairon,64,Female
365,Anett,Folonin,47,Female
366,Gardner,Gladdolph,41,Male
367,Dorey,Ferreri,44,Female
368,Alisa,Skinn,33,Female
369,Gonzales,Bearman,63,Male
370,Larina,Cassella,40,Female
371,Bealle,Kubiak,53,Male
372,Weider,Abbe,67,Male
373,Umeko,Pedder,24,Female
374,Astrix,Jillard,50,Female
375,Rockwell,Evered,56,Male
376,Andrey,Featherbie,50,Male
377,Teodor,Sinkings,69,Male
378,Derrik,Snaddin,27,Male
379,Peadar,Reary,30,Male
380,Dianna,Gothup,27,Female
381,Quint,Maffiotti,50,Male
382,Val,Boswood,61,Female
383,Erna,Glazer,21,Female
384,Bronson,McLaughlan,30,Male
385,Dede,Flawith,69,Female
386,Loni,Spofford,59,Female
387,Twyla,Menicomb,56,Female
388,Michal,Giffon,42,Male
389,Timi,Peoples,42,Female
390,Waylan,Giamo,33,Male
391,Filippo,Puffett,31,Male
392,Arther,Caselli,59,Male
393,Rebeca,Boud,24,Female
394,Kelcy,Irnis,22,Female
395,Gerrie,Nigh,24,Female
396,Kore,Maffioni,47,Female
397,Ric,Rooksby,51,Male
398,Vin,Vasilchenko,24,Male
399,Christos,Augur,55,Male
400,Leesa,Cudde,46,Female
401,Ollie,Mazzilli,34,Female
402,Jemima,Andrini,64,Female
403,Elberta,Styles,69,Female
404,Nicoli,Wann,34,Female
405,Hurleigh,O'Driscole,64,Male
406,Alric,Blyth,65,Male
407,Aymer,Dale,48,Male
408,Nessa,Sweeny,18,Female
409,Gerick,Scurrer,62,Male
410,Warden,Tewelson,42,Male
411,Nels,Melmar,51,Male
412,Cody,Hurtado,55,Female
413,Meridel,Farlowe,64,Female
414,Deloria,Mattocks,56,Female
415,Pietro,Wrigley,63,Male
416,Wallis,Brozsset,66,Male
417,Ulrich,Koppes,38,Male
418,Abbe,Jery,65,Male
419,Fredrick,Inch,62,Male
420,Dallon,Osgardby,29,Male
421,Leonid,Clemett,43,Male
422,Ephrem,Blackney,60,Male
423,Yorke,Ilyushkin,69,Male
424,Mannie,Boliver,21,Male
425,Tam,Campsall,61,Male
426,Kelsey,Belliard,68,Male
427,Pepe,Bratt,21,Male
428,Jeanie,Tremonte,46,Female
429,Caitlin,Oglesbee,52,Female
430,Rasla,Erdis,25,Female
431,Janey,Hillitt,56,Female
432,Siana,Castello,64,Female
433,Chrysler,Edwinson,58,Female
434,Allix,Skelhorn,37,Female
435,Reynold,Housin,41,Male
436,Carey,McGurk,56,Male
437,Vance,Diment,63,Male
438,Jereme,Ansell,21,Male
439,Matthew,Jozefowicz,61,Male
440,Emma,Duck,25,Female
441,Anallise,Gemson,69,Female
442,Thurstan,Georgeson,19,Male
443,Isacco,Scotti,59,Male
444,Hasty,Huffer,29,Male
445,Sissie,Cattach,43,Female
446,Samara,Bullon,45,Female
447,Merle,Mouland,43,Female
448,Giacomo,Silverson,59,Male
449,Gilberta,Brussels,66,Female
450,Frannie,Craxford,42,Male
451,Amii,Siggins,31,Female
452,Betteann,Thurlby,48,Female
453,Josiah,Airlie,65,Male
454,Frederich,Stannis,43,Male
455,Vernon,Bengough,69,Male
456,Meade,Bebb,69,Male
457,Caldwell,Boosey,67,Male
458,Spike,Bridgett,19,Male
459,Rip,Pester,70,Male
460,Pooh,Jackways,67,Female
461,Jyoti,Bisco,65,Female
462,Susann,Daughtry,21,Female
463,Connie,Foucher,27,Male
464,Fredra,Probin,53,Female
465,Amabelle,Thursfield,48,Female
466,Francois,Dagnall,41,Male
467,Gale,Vearncomb,65,Male
468,Callida,Garvie,31,Female
469,Carlynne,Axell,57,Female
470,Geno,Zoppie,21,Male
471,Eduino,Mateuszczyk,54,Male
472,Mahmoud,Stoltz,22,Male
473,Neill,Tollett,56,Male
474,Nerty,Lowing,60,Female
475,Dudley,Volker,30,Male
476,Ernest,Huson,30,Male
477,Susanna,Sollom,24,Female
478,Susette,Eadie,45,Female
479,Sibbie,MacVanamy,67,Female
480,Findlay,Conahy,43,Male
481,Emmerich,Rabat,43,Male
482,Edee,Caffery,56,Female
483,Avril,Chaffyn,33,Female
484,Morgana,Goodee,65,Female
485,Dunstan,Scully,48,Male
486,Cal,Grayshon,39,Male
487,Tersina,Grindell,21,Female
488,Thacher,Leckenby,41,Male
489,Ingaberg,Lawlor,43,Female
490,Sholom,Hobbert,64,Male
491,Hedwiga,Courteney,39,Female
492,Kiersten,Feron,44,Female
493,Libbey,Nisot,31,Female
494,Lothaire,Grombridge,54,Male
495,Danette,January,52,Female
496,Lewie,Danilyak,29,Male
497,Peg,Pawels,53,Female
498,Tirrell,Loram,24,Male
499,Ev,Cadney,63,Male
500,Nike,Bache,57,Female
501,Sawyer,Stilwell,19,Male
502,Idell,Guise,41,Female
503,Derrik,Hellsdon,31,Male
504,Akim,Feake,41,Male
505,Morgan,Exelby,65,Male
506,Clarinda,McNelly,53,Female
507,Jennine,Klement,35,Female
508,Skylar,De Cleyne,28,Male
509,Dalis,Bevans,21,Male
510,Brand,Keats,23,Male
511,Marnia,Dureden,53,Female
512,Neile,Fairrie,62,Female
513,Vinnie,Piell,47,Female
514,Stu,Branigan,47,Male
515,Louise,Greenhill,52,Female
516,Vittorio,O'Quin,36,Male
517,Sargent,Shillum,29,Male
518,Fanny,Canti,23,Female
519,Lucas,Brecknall,27,Male
520,Billy,Maylin,63,Female
521,Normand,Silwood,59,Male
522,Marcel,Soanes,63,Male
523,Chevalier,Moulster,59,Male
524,Nat,Dechelette,47,Female
525,Ravi,Marsy,60,Male
526,Elinor,Surcombe,70,Female
527,Loralie,Coldwell,61,Female
528,Hanson,Pigne,28,Male
529,Lacee,Kensitt,51,Female
530,Melisent,Bloxsome,54,Female
531,Basia,Pearson,54,Female
532,Ruperto,Gores,36,Male
533,Blinny,Stille,33,Female
534,Samuele,Starzaker,23,Male
535,Donnajean,Handford,60,Female
536,Siana,Castellet,61,Female
537,Jinny,Skehan,51,Female
538,Elliot,Coltart,60,Male
539,Corbet,Gorringe,56,Male
540,Octavius,Odegaard,30,Male
541,Gregorio,Willmetts,66,Male
542,Hayyim,Waplington,40,Male
543,Dicky,Tattershall,48,Male
544,Fidole,Rushby,44,Male
545,Austina,Denne,61,Female
546,Isabella,Mengue,64,Female
547,Shurlocke,Ovell,63,Male
548,Dot,Galway,31,Female
549,Vladimir,Munehay,56,Male
550,Ginni,Byatt,21,Female
551,Anett,Yedy,21,Female
552,Neale,Vivyan,20,Male
553,Rikki,Yeskov,19,Female
554,Homerus,Pyrton,20,Male
555,Archie,O' Donohoe,36,Male
556,Neddy,Greenland,57,Male
557,Irene,Gostick,48,Female
558,Carlo,McGahey,21,Male
559,Morgana,Gunby,48,Female
560,Reece,Ryal,62,Male
561,Craggie,Timbs,64,Male
562,Richard,McBrearty,41,Male
563,Remy,Adin,68,Female
564,Dirk,Andrysiak,63,Male
565,Kirsten,Rostern,42,Female
566,Philippe,Burwell,18,Female
567,Merilyn,Manion,61,Female
568,Nertie,Housiaux,65,Female
569,Griff,Barling,54,Male
570,Jonah,Humbey,54,Male
571,Saunderson,Betho,65,Male
572,Kris,Houldin,24,Female
573,Deane,Sicely,39,Male
574,Keen,Ballefant,23,Male
575,Brier,Durbridge,70,Female
576,Lawry,Bent,35,Male
577,Jonathon,Tuxsell,49,Male
578,Jeremy,Pridding,57,Male
579,Waylen,Hunting,46,Male
580,Audi,Tzuker,60,Female
581,Reamonn,Maxwale,45,Male
582,Shaylynn,Casson,70,Female
583,Dore,Sondon,53,Male
584,Martino,Kewley,39,Male
585,Christoph,Leimster,50,Male
586,Erik,Pountain,60,Male
587,Allistir,Leverson,68,Male
588,Melisandra,Eiler,47,Female
589,Haroun,Morsley,36,Male
590,Aldridge,Ketchaside,60,Male
591,Myrtia,Tonepohl,45,Female
592,Leanora,Witul,18,Female
593,Germana,Johnsson,30,Female
594,Roselle,Janicek,66,Female
595,Barnett,Hampshaw,64,Male
596,Verna,Weldrake,64,Female
597,Ramsey,Klimt,63,Male
598,Orelia,Duxfield,23,Female
599,Gherardo,Trivett,46,Male
600,Sheridan,Houseman,21,Male
601,Fidelio,Rozenzweig,40,Male
602,Consuela,Barfield,28,Female
603,Dorri,Vahey,64,Female
604,Sabina,Hammerstone,69,Female
605,Wilfred,Bennike,66,Male
606,Raynell,Dauber,45,Female
607,Armando,Keenan,65,Male
608,Justen,Rookeby,30,Male
609,Susanne,Coste,53,Female
610,Barnabe,O'Fergus,57,Male
611,Shelton,Caras,66,Male
612,Yorgos,Blessed,61,Male
613,Elden,Crudge,42,Male
614,Emmi,Wythe,31,Female
615,William,Egar,51,Male
616,Regan,Dedenham,34,Female
617,Fowler,Dragoe,54,Male
618,Yanaton,Muller,53,Male
619,Fawne,McCallum,70,Female
620,Micky,Zoppie,41,Female
621,Feliza,Belly,19,Female
622,Herold,Hymas,52,Male
623,Octavius,Guilliland,25,Male
624,Rosemaria,Burgin,61,Female
625,Donelle,Ecob,53,Female
626,Tomas,Ebbles,30,Male
627,Madelyn,Feeley,26,Female
628,Damien,Langrish,62,Male
629,Melania,Hackin,50,Female
630,Lacy,Summerskill,48,Female
631,Marilyn,Yewdale,46,Female
632,Francesco,Muat,20,Male
633,Darcy,Nichols,61,Male
634,Flossi,Troubridge,21,Female
635,Dido,Reeder,20,Female
636,Tansy,Luetchford,22,Female
637,Annelise,Densham,23,Female
638,Franny,Dipple,53,Male
639,Wells,Ferrarello,69,Male
640,Stanislaw,Nestoruk,56,Male
641,Dorothy,McConaghy,27,Female
642,Innis,Boltwood,42,Male
643,Angelina,Dorber,70,Female
644,Augustin,Cruddas,38,Male
645,Amabelle,Fogden,51,Female
646,Celinda,Waldie,32,Female
647,Devin,Cafferky,36,Male
648,Pinchas,Castillo,65,Male
649,Nils,Beatty,37,Male
650,Baxie,Fall,60,Male
651,Constanta,Heeps,21,Female
652,Felicio,Geall,38,Male
653,Brook,Andrea,59,Female
654,Ofella,Gemson,34,Female
655,Ambur,Lawly,27,Female
656,Marlene,Giacobbo,58,Female
657,Alfonso,Devonside,59,Male
658,Harp,Penhall,63,Male
659,Juieta,Fishpond,62,Female
660,Reagan,Gress,25,Male
661,Maurie,Aggus,53,Male
662,Heindrick,Blasoni,56,Male
663,Errick,Atheis,32,Male
664,Eberhard,Henmarsh,23,Male
665,Kakalina,O'Dwyer,70,Female
666,Andras,Whopples,50,Male
667,Sinclair,Lokier,26,Male
668,Janie,Humbee,20,Female
669,Julianne,Meys,29,Female
670,Bartlett,Culley,57,Male
671,Lynda,Rintoul,38,Female
672,Vivianna,Yurshev,48,Female
673,Waylen,Venner,50,Male
674,Shaun,Broadhurst,66,Female
675,Asher,McTurlough,22,Male
676,Robbert,Massenhove,55,Male
677,Torre,Foye,53,Male
678,Jermaine,Antrobus,25,Female
679,Arty,Hairs,48,Male
680,Augie,Bellanger,60,Male
681,Frederico,Velasquez,23,Male
682,Gypsy,Sans,49,Female
683,Byram,Serrell,63,Male
684,Joe,Carleman,25,Male
685,Hildegaard,Barabisch,38,Female
686,Gothart,Mattusevich,61,Male
687,Mackenzie,Poll,41,Male
688,Eduard,Heigl,69,Male
689,Sharron,Waddell,58,Female
690,Weber,Ashton,45,Male
691,Luce,Itzkov,61,Male
692,Buffy,Tuerena,44,Female
693,Talyah,Jennemann,34,Female
694,Jamal,Offner,65,Male
695,Darrell,Yerby,60,Male
696,Gavrielle,Branch,31,Female
697,Andrea,Smithen,20,Male
698,Benny,Becks,20,Male
699,Cleve,Whopples,56,Male
700,Lucy,Kingscote,63,Female
701,Ambrose,Crossfeld,55,Male
702,Templeton,Schreiner,28,Male
703,Renata,Shovlar,58,Female
704,Mycah,von Grollmann,45,Male
705,Lucinda,Terrill,35,Female
706,Addie,Hallor,66,Female
707,Conn,Burchatt,50,Male
708,Dorthy,Stille,29,Female
709,Angelo,Cuolahan,50,Male
710,Vernor,Normavell,68,Male
711,Serge,Heinrich,40,Male
712,Barry,Ellaman,30,Female
713,Merna,Paliser,28,Female
714,Shannan,McComiskey,47,Male
715,Phaedra,Kainz,34,Female
716,Mellisa,Longden,57,Female
717,Blake,Ryce,26,Female
718,Frasco,Ruf,66,Male
719,Adaline,Kingerby,51,Female
720,George,Hartlebury,48,Female
721,Rafi,Davsley,34,Male
722,Carly,Sedgeman,22,Female
723,Vallie,Battelle,65,Female
724,Janelle,Fretwell,39,Female
725,Terry,Enders,21,Female
726,Gregory,Slaughter,52,Male
727,Wallis,MacLice,21,Male
728,Maurie,Trumpeter,48,Male
729,Chrissie,Eickhoff,63,Male
730,Barnard,Dongate,29,Male
731,Donovan,Tuckwell,46,Male
732,Betsy,Ritchie,54,Female
733,Saunders,Sidon,26,Male
734,Zelma,Shewry,52,Female
735,Luise,Ashington,58,Female
736,Davey,Edmons,49,Male
737,Zena,Storck,63,Female
738,Barbi,Normanvill,18,Female
739,Laurent,Spyvye,29,Male
740,Pauly,Gladdin,69,Male
741,Ianthe,Leat,45,Female
742,Alvie,Eggle,35,Male
743,Barclay,Gudeman,58,Male
744,Sutherland,Wykes,59,Male
745,Lolly,Lansberry,70,Female
746,Sandro,Spiller,46,Male
747,Cherish,Mosdall,66,Female
748,Gabby,Fosher,32,Male
749,Brandise,Thain,44,Female
750,Ernestine,Fellowes,42,Female
751,Kariotta,Docharty,56,Female
752,Biddie,Tubritt,45,Female
753,Eal,Lotwich,62,Male
754,Corissa,Skiplorne,64,Female
755,Simonette,Fishbie,18,Female
756,Briano,Bampforth,46,Male
757,Natalya,Slyvester,32,Female
758,Jodee,Markie,29,Female
759,Patrice,Scally,65,Male
760,Aundrea,Dobell,55,Female
761,Patten,Gyppes,67,Male
762,Chester,Ellesmere,60,Male
763,Jehanna,Stopper,27,Female
764,Blaire,Norres,52,Female
765,Taite,Tuftin,52,Male
766,Julie,Kelberman,48,Female
767,Dannye,Gifford,53,Female
768,Gaston,Shakle,31,Male
769,Matteo,Pettman,63,Male
770,Prince,Manville,27,Male
771,Cody,Defond,69,Male
772,Nataniel,Fielders,22,Male
773,Kristofer,Rosie,26,Male
774,Marcelline,Garforth,30,Female
775,Domingo,Mattam,69,Male
776,Hermy,Crocket,47,Male
777,Madalyn,McGillecole,43,Female
778,Rog,Willmett,20,Male
779,Lorry,D'Onisi,39,Male
780,Deana,Bewfield,30,Female
781,Evelin,Wishkar,45,Male
782,Claiborn,Gavini,56,Male
783,Darrell,Beer,52,Male
784,Marney,McLemon,51,Female
785,Gardner,D'Elia,63,Male
786,Bruno,Simonnot,58,Male
787,Karly,Caffery,23,Female
788,Clywd,Malham,41,Male
789,Cynthia,Astlet,18,Female
790,Tabbatha,Paeckmeyer,31,Female
791,Kirsti,Feaveryear,42,Female
792,Kaiser,Bown,21,Male
793,Cosmo,Boscott,40,Male
794,Keen,McMenamin,54,Male
795,Karita,McAnulty,18,Female
796,Mellisa,Quickenden,33,Female
797,Francesco,Willgoss,21,Male
798,Tris,Tasseler,38,Male
799,Bernadine,Zanre,48,Female
800,Allie,Scafe,19,Male
801,Ofelia,McIsaac,47,Female
802,Kingston,Metherell,63,Male
803,Valaria,Grigsby,49,Female
804,Pierson,Galego,25,Male
805,Florrie,Buddock,30,Female
806,Sandy,Showte,50,Female
807,Ruthi,Navan,50,Female
808,Guido,Llewhellin,43,Male
809,Maximilien,Ickov,63,Male
810,Leta,Le Jean,66,Female
811,Lil,Muckleston,22,Female
812,Auguste,Jesteco,61,Female
813,Lotta,Khrishtafovich,25,Female
814,Lance,Ferrario,30,Male
815,Hilliard,Pointer,63,Male
816,Alanson,Behrend,59,Male
817,Donella,Sear,25,Female
818,Agnola,Kitchin,29,Female
819,Wilfrid,Eccleshall,58,Male
820,Hildagarde,Snoxall,66,Female
821,Engelbert,Clague,67,Male
822,Simone,Ovid,21,Female
823,Wolfgang,Bastide,68,Male
824,Thaddeus,Chesnay,47,Male
825,Feliza,Ropkins,68,Female
826,Kendrick,Songust,31,Male
827,Josi,Lindelof,37,Female
828,Kiel,Marsham,58,Male
829,Noam,Saban,46,Male
830,Jorry,Lyles,45,Female
831,Wendeline,Sherer,35,Female
832,Ciro,Allenby,32,Male
833,Dewitt,Jozefiak,36,Male
834,Tamas,Camillo,67,Male
835,Daniel,Heaven,20,Male
836,Yoshi,Aylward,59,Female
837,Peter,Macellar,40,Male
838,Ring,Stainbridge,57,Male
839,Nelli,Branchet,58,Female
840,Paige,Kinvig,61,Male
841,Oralla,Yerrill,33,Female
842,Walsh,Seally,39,Male
843,Talbert,Whal,63,Male
844,Auberon,Weedenburg,36,Male
845,Arleta,Peasgood,55,Female
846,Orin,Mansuer,63,Male
847,Free,Tiptaft,34,Male
848,Erv,Sainz,50,Male
849,Cecil,Ajsik,64,Male
850,Lawton,Glanister,34,Male
851,Alec,Remer,32,Male
852,Ax,Rabjohn,32,Male
853,Andee,D'Aulby,60,Female
854,Andie,Stegell,41,Female
855,Ebeneser,Delea,42,Male
856,Heather,Rootes,40,Female
857,Sherwood,Casemore,68,Male
858,Gradey,Macias,66,Male
859,Delcina,Gooda,21,Female
860,Caroline,Greasty,35,Female
861,Gertie,Burchatt,70,Female
862,Gerrie,Hartle,52,Female
863,Steffen,Ohlsen,19,Male
864,Jae,Argyle,66,Male
865,Gauthier,Stevens,54,Male
866,Nels,Cassely,26,Male
867,Kelly,Boothe,58,Female
868,Tamma,Beers,57,Female
869,Ly,Hulburd,41,Male
870,Rowen,Gaskal,54,Male
871,Cullen,Kitcherside,49,Male
872,Chandra,Orbine,32,Female
873,Aurelea,Dusting,65,Female
874,Jeanine,Ewington,64,Female
875,Gleda,Darch,57,Female
876,Robinet,Trinbey,70,Male
877,Schuyler,Sneddon,44,Male
878,Antoinette,Bunstone,55,Female
879,Merridie,Goodings,48,Female
880,Yolanda,Fenne,46,Female
881,Tam,Philpault,29,Male
882,Gaby,Perroni,60,Female
883,Janessa,O'Geneay,42,Female
884,Britney,Orchart,34,Female
885,Anett,Satcher,59,Female
886,Shayna,Marques,38,Female
887,Gib,Champneys,19,Male
888,Derward,Cadding,28,Male
889,Geordie,Pettus,63,Male
890,Gawain,Clynter,69,Male
891,Hortense,Knock,62,Female
892,Kale,Ganforth,49,Male
893,Sari,Putterill,47,Female
894,Stephanus,Grinyov,46,Male
895,Nathan,Franciotti,67,Male
896,Myrvyn,McCanny,67,Male
897,Ediva,Hug,29,Female
898,Abbot,Christoffersen,67,Male
899,Mandi,Clancy,51,Female
900,Danette,Choupin,33,Female
901,Kore,Emmerson,49,Female
902,Petey,De Carteret,33,Male
903,George,Macy,29,Female
904,Mei,Measor,47,Female
905,Amber,Banbrick,24,Female
906,Janel,Senior,67,Female
907,Kailey,Sherbrooke,59,Female
908,Jules,Mohring,59,Male
909,Knox,Gleeson,19,Male
910,Melonie,Starmont,56,Female
911,Artur,Gerrans,44,Male
912,Audi,Hutcheon,63,Female
913,Estele,Shelford,23,Female
914,Ulysses,Yearby,23,Male
915,Hetti,Ducrow,42,Female
916,Celestina,Yearns,69,Female
917,Judy,Rowell,51,Female
918,Augustin,McAlpin,48,Male
919,Madge,Impey,62,Female
920,Tull,Tuite,62,Male
921,Nara,Pittway,66,Female
922,Katrinka,Moreno,50,Female
923,Karena,Eastridge,51,Female
924,Lorettalorna,Bolf,26,Female
925,Kate,Fellow,24,Female
926,Clair,Priestner,63,Male
927,Joaquin,Steade,24,Male
928,Gaye,Bradder,64,Female
929,Cameron,Olive,49,Male
930,Barnaby,Normanville,24,Male
931,Sisely,Edon,39,Female
932,Shaylah,Sigfrid,52,Female
933,Joelie,Treadwell,62,Female
934,Alexandr,Abbot,64,Male
935,Shel,Willcot,40,Female
936,Kristine,Loggie,43,Female
937,Maureen,Chenery,42,Female
938,Vincent,Teresia,30,Male
939,Eal,Kemwall,28,Male
940,Blondelle,McGauhy,70,Female
941,Annabel,Moodie,34,Female
942,Padriac,Dewan,48,Male
943,Marvin,Edland,18,Male
944,Lesly,Paramor,27,Female
945,Kerwinn,Silvers,61,Male
946,Ephraim,Gobat,58,Male
947,Binny,Keyson,52,Female
948,Haley,Breton,48,Female
949,Jonah,Oxby,26,Male
950,Rufe,Tureville,63,Male
951,Audy,Wakeham,70,Female
952,Katrine,Grinaway,54,Female
953,Corly,Schwandner,54,Female
954,Karlik,Godding,51,Male
955,Michal,Boniface,49,Male
956,Hanni,Littler,47,Female
957,Archibald,Chewter,33,Male
958,Redd,Fold,67,Male
959,Justine,Wolfenden,20,Female
960,Patricia,Aslet,63,Female
961,Hakeem,Kondratyuk,40,Male
962,Gayle,Scarlan,47,Male
963,Alana,Hanhard,69,Female
964,Bengt,Every,65,Male
965,Lesly,Spridgeon,24,Female
966,Wenda,Espley,33,Female
967,Sianna,Keirl,42,Female
968,Lulita,Giggs,28,Female
969,Teddi,Hoyles,33,Female
970,Abra,Scrase,68,Female
971,Sadella,Kenningham,50,Female
972,Sterne,Sillars,20,Male
973,Tiertza,Rossbrooke,30,Female
974,Jilly,Brocks,64,Female
975,Janeva,Lescop,53,Female
976,Carlina,Jorez,42,Female
977,Erny,Gimson,64,Male
978,Pepita,Zielinski,58,Female
979,Cathe,Goodered,54,Female
980,Blanch,Whysall,66,Female
981,Agnes,Lander,67,Female
982,Boyd,Stud,53,Male
983,Renaud,Bolderson,41,Male
984,Almeda,Broadist,57,Female
985,Ingelbert,Cracoe,42,Male
986,Albertine,Heighton,20,Female
987,Ruperto,Thaller,61,Male
988,Lauralee,Tender,52,Female
989,Temp,Attiwill,47,Male
990,Jennee,Van Son,31,Female
991,Ana,Cowing,56,Female
992,Curr,Batchley,59,Male
993,Cecilius,O'Cullinane,27,Male
994,Elyse,Dorian,70,Female
995,Brose,Ismail,58,Male
996,Homer,Carragher,46,Male
997,Avie,Corstan,70,Female
998,Wallie,Nuschke,27,Female
999,Freda,Voules,26,Female
1000,Shellie,Szymoni,26,Female
